{
  "sh.512480": {
    "score_history": [
      -0.06400000000000003,
      -0.06400000000000003,
      -0.06400000000000003
    ]
  },
  "sz.159583": {
    "score_history": [
      0.25600000000000006,
      0.25600000000000006,
      0.25600000000000006
    ]
  },
  "sz.159870": {
    "score_history": [
      -0.44799999999999995,
      -0.44799999999999995,
      -0.44799999999999995
    ]
  },
  "sz.159755": {
    "score_history": [
      0.3840000000000001,
      0.3840000000000001,
      0.3840000000000001
    ]
  },
  "sz.159622": {
    "score_history": [
      -0.192,
      -0.192,
      -0.192
    ]
  },
  "sz.159157": {
    "score_history": [
      -0.5760000000000002,
      -0.5760000000000002,
      -0.5760000000000002
    ]
  },
  "sz.159599": {
    "score_history": [
      -0.06400000000000003,
      -0.06400000000000003,
      -0.06400000000000003
    ]
  },
  "sz.159326": {
    "score_history": [
      -0.44799999999999995,
      -0.44799999999999995,
      -0.44799999999999995
    ]
  },
  "sz.159337": {
    "score_history": [
      -0.44799999999999995,
      -0.44799999999999995,
      -0.44799999999999995
    ]
  },
  "sz.159206": {
    "score_history": [
      -0.192,
      -0.192,
      -0.192
    ]
  },
  "sh.512800": {
    "score_history": [
      0.25600000000000006,
      0.25600000000000006,
      0.25600000000000006
    ]
  }
}